Iterations,Mean,Standard Deviation
1,39819269.10206765,4329275.518812793
2,39819269.10206768,4329275.518812793
3,39819269.10206771,4329275.518812792
4,39819269.10206773,4329275.518812792
5,39819269.10206777,4329275.518812791
