Iterations,Mean,Standard Deviation
1,39735249.19093073,4774195.654527306
2,39735249.19093078,4774195.654527304
3,39735249.19093082,4774195.654527304
4,39735249.190930866,4774195.654527303
5,39735249.1909309,4774195.654527302
