Iterations,Mean,Standard Deviation
1,40328051.8829914,4775240.968078095
2,40328051.882991455,4775240.968078095
3,40328051.88299151,4775240.968078095
4,40328051.88299156,4775240.968078095
5,40328051.88299161,4775240.968078095
