Iterations,Mean,Standard Deviation
1,39505602.86590877,4345893.587964354
2,39505602.86590879,4345893.587964354
3,39505602.8659088,4345893.587964354
4,39505602.86590882,4345893.587964355
5,39505602.86590883,4345893.587964355
