Iterations,Mean,Standard Deviation
1,39711070.12674458,4346071.3403852675
2,39711070.12674466,4346071.340385268
3,39711070.126744725,4346071.340385269
4,39711070.126744784,4346071.340385269
5,39711070.12674486,4346071.340385269
