Iterations,Mean,Standard Deviation
1,39988523.75008433,4203781.596559583
2,39988523.75008436,4203781.596559584
3,39988523.7500844,4203781.596559583
4,39988523.75008443,4203781.596559584
5,39988523.75008446,4203781.596559585
