Iterations,Mean,Standard Deviation
1,39460201.47934613,4629149.871951871
2,39460201.47934618,4629149.871951871
3,39460201.47934623,4629149.871951871
4,39460201.47934628,4629149.87195187
5,39460201.479346335,4629149.87195187
