Iterations,Mean,Standard Deviation
1,39453778.31218935,4599086.182909385
2,39453778.31218939,4599086.182909386
3,39453778.31218944,4599086.182909385
4,39453778.3121895,4599086.182909386
5,39453778.31218955,4599086.182909386
