Iterations,Mean,Standard Deviation
1,39212813.17381635,4289200.920530624
2,39212813.17381635,4289200.920530624
3,39212813.17381635,4289200.920530624
4,39212813.17381635,4289200.920530624
5,39212813.17381635,4289200.920530624
