Iterations,Mean,Standard Deviation
1,40253787.64799286,4677032.300511615
2,40253787.64799292,4677032.300511614
3,40253787.64799296,4677032.3005116135
4,40253787.64799301,4677032.3005116135
5,40253787.647993065,4677032.3005116135
