Iterations,Mean,Standard Deviation
1,39763070.957761414,4393724.666194981
2,39763070.95776148,4393724.666194981
3,39763070.95776155,4393724.666194981
4,39763070.957761616,4393724.666194983
5,39763070.95776169,4393724.666194983
