Iterations,Mean,Standard Deviation
1,40012776.76915631,4080349.7809733455
2,40012776.76915632,4080349.7809733455
3,40012776.76915634,4080349.7809733455
4,40012776.76915636,4080349.7809733455
5,40012776.769156374,4080349.7809733455
