Iterations,Mean,Standard Deviation
1,40260452.83548947,4512282.300299041
2,40260452.83548949,4512282.300299041
3,40260452.835489534,4512282.300299041
4,40260452.83548955,4512282.300299042
5,40260452.835489586,4512282.300299043
