Iterations,Mean,Standard Deviation
1,39188276.08044038,4693598.132997848
2,39188276.08044047,4693598.132997848
3,39188276.08044055,4693598.132997849
4,39188276.08044064,4693598.13299785
5,39188276.08044073,4693598.132997852
