Iterations,Mean,Standard Deviation
1,39887203.4729785,4292025.300975797
2,39887203.47297853,4292025.300975798
3,39887203.472978555,4292025.300975798
4,39887203.472978584,4292025.300975798
5,39887203.472978614,4292025.300975798
