Iterations,Mean,Standard Deviation
1,39949743.13664441,4786807.757378498
2,39949743.136644475,4786807.757378499
3,39949743.13664456,4786807.757378499
4,39949743.136644624,4786807.7573785
5,39949743.13664469,4786807.757378501
