Iterations,Mean,Standard Deviation
1,40780098.15287077,4266505.894857538
2,40780098.152870834,4266505.894857537
3,40780098.15287089,4266505.894857537
4,40780098.15287095,4266505.894857537
5,40780098.15287101,4266505.894857537
