Iterations,Mean,Standard Deviation
1,40655536.58836732,4339077.575160078
2,40655536.58836737,4339077.575160078
3,40655536.58836743,4339077.575160078
4,40655536.588367485,4339077.575160078
5,40655536.58836754,4339077.575160078
