Iterations,Mean,Standard Deviation
1,40127769.70480912,4380900.881870758
2,40127769.704809144,4380900.881870758
3,40127769.70480917,4380900.881870759
4,40127769.70480918,4380900.881870759
5,40127769.70480921,4380900.88187076
