Iterations,Mean,Standard Deviation
1,40232043.10929657,4476943.123830407
2,40232043.10929662,4476943.123830407
3,40232043.10929667,4476943.123830407
4,40232043.109296724,4476943.123830406
5,40232043.10929678,4476943.123830406
