Iterations,Mean,Standard Deviation
1,39605222.56488402,4185611.912547725
2,39605222.56488406,4185611.9125477257
3,39605222.56488409,4185611.9125477257
4,39605222.56488412,4185611.9125477266
5,39605222.56488415,4185611.9125477266
